-- Generation Time: Nov 25, 2019 at 07:50 PM
-- Server version: 5.5.64-MariaDB
-- PHP Version: 7.3.12

SET SQL_MODE = "NO_AUTO_VALUE_ON_ZERO";
SET time_zone = "+00:00";


/*!40101 SET @OLD_CHARACTER_SET_CLIENT=@@CHARACTER_SET_CLIENT */;
/*!40101 SET @OLD_CHARACTER_SET_RESULTS=@@CHARACTER_SET_RESULTS */;
/*!40101 SET @OLD_COLLATION_CONNECTION=@@COLLATION_CONNECTION */;
/*!40101 SET NAMES utf8mb4 */;

--
-- Database: `gps`
--

-- --------------------------------------------------------

--
-- Table structure for table `antennas`
--

CREATE TABLE IF NOT EXISTS `antennas` (
  `id` int(11) NOT NULL,
  `site` varchar(20) COLLATE utf8_unicode_ci NOT NULL,
  `anttype` varchar(20) COLLATE utf8_unicode_ci NOT NULL,
  `antsn` varchar(20) COLLATE utf8_unicode_ci NOT NULL,
  `antdelta` varchar(42) COLLATE utf8_unicode_ci NOT NULL DEFAULT '0,0,0',
  `startdate` datetime NOT NULL,
  `enddate` datetime DEFAULT NULL
) ENGINE=InnoDB AUTO_INCREMENT=26 DEFAULT CHARSET=utf8 COLLATE=utf8_unicode_ci;

--
-- Dumping data for table `antennas`
--

INSERT INTO `antennas` (`id`, `site`, `anttype`, `antsn`, `antdelta`, `startdate`, `enddate`) VALUES
(1, 'ARGI00FRO', 'LEIAT504GG,LEIS', '200708', '0,0,0', '2008-09-24 00:00:00', '2017-04-19 09:54:00'),
(2, 'ARGI00FRO', 'TRM57971.00,TZGD', '1551009151', '0,0,0', '2017-04-19 09:54:00', NULL),
(3, 'HABY00DNK', 'LEIAR25.R4,LEIT', '725255', '0,0,0', '2014-09-23 07:45:00', NULL),
(4, 'SUL500DNK', 'LEIAR25.R4,LEIT', '10341011', '0,0,0', '2011-06-28 00:00:00', NULL),
(5, 'TEJH00DNK', 'LEIAR25,LEIT', '09150003', '0,0,0', '2010-03-16 11:00:00', '2010-09-08 07:50:00'),
(6, 'TEJH00DNK', 'LEIAR25.R3,LEIT', '9090011', '0,0,0', '2010-09-08 07:50:00', '2013-03-10 05:00:00'),
(7, 'TEJH00DNK', 'LEIAR25.R3,LEIT', '09310003', '0,0,0', '2013-03-13 09:30:00', '2014-09-16 06:55:00'),
(8, 'TEJH00DNK', 'LEIAR25.R3,LEIT', '09310003', '0,0,0', '2014-09-16 07:00:00', NULL),
(9, 'BUDD00DNK', 'LEIAR25.R4,LEIT', '726452', '2.6944,0,0', '2017-10-05 12:00:00', NULL),
(10, 'TA0200DNK', 'LEIAR25.R4,LEIT', '726848', '0,0,0', '2017-09-16 07:00:00', NULL),
(11, 'ESBC00DNK', 'ASH701945E_M,SCIS', 'CR5200327016', '0.216,0,0', '2005-02-10 15:00:00', NULL),
(12, 'ESBH00DNK', 'ASH701945E_M,SCIS', 'CR5200327018', '0,0,0', '2004-11-12 07:00:00', '2009-05-12 19:00:00'),
(13, 'ESBH00DNK', 'LEIAR25,LEIT', '09030010', '0,0,0', '2009-05-12 20:00:00', '2009-05-22 11:30:00'),
(14, 'ESBH00DNK', 'LEIAR25,LEIT', '09030010', '0,0,0', '2009-05-22 11:30:00', NULL),
(15, 'FYHA00DNK', 'LEIAT504GG,LEIS', '200601', '0.19464,0,0', '2009-03-10 00:00:00', '2009-05-12 14:50:00'),
(16, 'FYHA00DNK', 'LEIAR25,LEIT', '09090018', '0.19464,0,0', '2009-05-12 15:30:00', '2014-06-19 15:00:00'),
(17, 'FYHA00DNK', 'LEIAR25.R4,LEIT', '725296', '0.19500,0,0', '2014-06-23 12:00:00', NULL),
(18, 'FER500DNK', 'LEIAT504GG,LEIS', '200601', '0.19464,0,0', '2009-03-10 00:00:00', '2009-05-12 14:50:00'),
(19, 'FER500DNK', 'LEIAR25,LEIT', '09090018', '0.19464,0,0', '2009-05-12 15:30:00', '2014-06-19 15:00:00'),
(20, 'FER500DNK', 'LEIAR25.R4,LEIT', '725296', '0.19500,0,0', '2014-06-23 12:00:00', NULL),
(21, 'GESR00DNK', 'ASH701945E_M,SCIS', 'CR5200327019', '0.1666,0,0', '2004-10-27 00:00:00', '2019-03-13 10:12:00'),
(22, 'GESR00DNK', 'LEIAR25.R4,LEIT', '725334', '0.1687,0,0', '2019-03-13 12:17:00', NULL),
(23, 'HIRS00DNK', 'ASH701945E_M,SCIS', 'CR5200327011', '0.1731,0,0', '2004-11-10 13:00:00', NULL),
(24, 'SKEJ00DNK', 'LEIAR20,LEIM', '21102016', '0.1714,0,0', '2019-01-31 00:00:00', NULL),
(25, 'SMI200DNK', 'LEIAR25.R4,LEIT', '10361018', '0,0,0', '2011-06-27 00:00:00', NULL);

-- --------------------------------------------------------

--
-- Table structure for table `locations`
--

CREATE TABLE IF NOT EXISTS `locations` (
  `site` varchar(9) COLLATE utf8_unicode_ci NOT NULL,
  `freq` enum('H','D') COLLATE utf8_unicode_ci NOT NULL DEFAULT 'H',
  `obsint` tinyint(3) unsigned NOT NULL DEFAULT '1',
  `markernumber` varchar(60) COLLATE utf8_unicode_ci DEFAULT NULL,
  `markertype` enum('GEODETIC','NON_GEODETIC','NON_PHYSICAL','SPACEBORNE','GROUND_CRAFT','WATER_CRAFT','AIRBORNE','FIXED_BUOY','FLOATING_BUOY','FLOATING_ICE','GLACIER','BALLISTIC','ANIMAL','HUMAN') COLLATE utf8_unicode_ci DEFAULT 'GEODETIC',
  `position` varchar(40) COLLATE utf8_unicode_ci NOT NULL,
  `observer` varchar(20) COLLATE utf8_unicode_ci NOT NULL DEFAULT 'SDFE',
  `agency` varchar(24) COLLATE utf8_unicode_ci NOT NULL DEFAULT 'SDFE',
  `ts` timestamp NOT NULL DEFAULT CURRENT_TIMESTAMP ON UPDATE CURRENT_TIMESTAMP,
  `active` tinyint(1) NOT NULL DEFAULT '1'
) ENGINE=InnoDB DEFAULT CHARSET=utf8 COLLATE=utf8_unicode_ci;

--
-- Dumping data for table `locations`
--

INSERT INTO `locations` (`site`, `freq`, `obsint`, `markernumber`, `markertype`, `position`, `observer`, `agency`, `ts`, `active`) VALUES
('ARGI00FRO', 'H', 1, '10117M002', 'GEODETIC', '2981489.90,-354651.39,5608474.89', 'SDFE', 'SDFE', '2019-11-25 18:52:22', 1),
('BUDD00DNK', 'H', 1, '10101S001', 'GEODETIC', '3513649.6780,778954.8840,5248201.7020', 'SDFE', 'SDFE', '2019-11-25 18:52:22', 1),
('ESBC00DNK', 'H', 1, '10118M001', 'GEODETIC', '3582104.9927,532589.9611,5232754.9972', 'SDFE', 'SDFE', '2019-11-25 18:52:22', 1),
('ESBH00DNK', 'H', 1, '10115M002', 'GEODETIC', '3585278,9871,531971,1748,5230646,5204', 'SDFE', 'SDFE', '2019-11-25 18:52:22', 1),
('FER500DNK', 'H', 1, '10125M001', 'GEODETIC', '3491111.736,497994.648,5296842.694', 'SDFE', 'SDFE', '2019-11-25 18:52:22', 1),
('FYHA00DNK', 'H', 1, '10125M001', 'GEODETIC', '3491111.736,497994.648,5296842.694', 'SDFE', 'SDFE', '2019-11-25 18:52:22', 1),
('GESR00DNK', 'H', 1, '10116M002', 'GEODETIC', '3625387.3007,765504.1576,5174102.6952', 'SDFE', 'SDFE', '2019-11-25 18:52:22', 1),
('HABY00DNK', 'H', 1, '10123M001', 'GEODETIC', '3507447.274,704378.957,5262740.112', 'SDFE', 'SDFE', '2019-11-25 18:52:22', 1),
('HIRS00DNK', 'H', 1, '10106M002', 'GEODETIC', '3374903.0200,593115.5935,5361509.4889', 'SDFE', 'SDFE', '2019-11-25 18:52:22', 1),
('SKEJ00DNK', 'H', 1, '10128M001', 'GEODETIC', '3501565,628758,5276185', 'SDFE', 'SDFE', '2019-11-25 18:52:22', 1),
('SMI200DNK', 'H', 1, '10114M002', 'GEODETIC', '3557905.801,599174.330,5242071.404', 'SDFE', 'SDFE', '2019-11-25 18:52:22', 1),
('SUL500DNK', 'H', 1, '10113M002', 'GEODETIC', '3446402.8218,0591713.3327,5316376.7351', 'SDFE', 'SDFE', '2019-11-25 18:52:22', 1),
('TA0200DNK', 'H', 1, NULL, 'GEODETIC', '3500379.0234,641356.0851,5275393.0898', 'SDFE', 'SDFE', '2019-11-25 18:52:22', 1),
('TEJH00DNK', 'H', 1, '10124M001', 'GEODETIC', '3522395.5281,933244.4797,5217231.2731', 'SDFE', 'SDFE', '2019-11-25 18:52:22', 1);

-- --------------------------------------------------------

--
-- Table structure for table `receivers`
--

CREATE TABLE IF NOT EXISTS `receivers` (
  `id` int(11) NOT NULL,
  `site` varchar(20) COLLATE utf8_unicode_ci NOT NULL,
  `recsn` varchar(20) COLLATE utf8_unicode_ci NOT NULL,
  `rectype` varchar(20) COLLATE utf8_unicode_ci NOT NULL,
  `firmware` varchar(24) COLLATE utf8_unicode_ci NOT NULL,
  `startdate` datetime NOT NULL,
  `enddate` datetime DEFAULT NULL
) ENGINE=InnoDB AUTO_INCREMENT=70 DEFAULT CHARSET=utf8 COLLATE=utf8_unicode_ci;

--
-- Dumping data for table `receivers`
--

INSERT INTO `receivers` (`id`, `site`, `recsn`, `rectype`, `firmware`, `startdate`, `enddate`) VALUES
(1, 'ARGI00FRO', '356103', 'LEICA GRX1200GGPRO', '6.00', '2008-09-25 00:00:00', '2016-11-11 09:06:00'),
(2, 'ARGI00FRO', '356103', 'LEICA GRX1200GGPRO', '9.20', '2016-11-11 09:06:00', '2017-04-19 09:54:00'),
(3, 'ARGI00FRO', '5548R50598', 'TRIMBLE NETR9', '5.22', '2017-04-19 09:54:00', NULL),
(4, 'HABY00DNK', '352261', 'LEICA GRX1200GGPRO', '7.50', '2010-03-02 18:00:00', '2011-05-15 07:20:00'),
(5, 'HABY00DNK', '352261', 'LEICA GRX1200GGPRO', '8.20', '2011-05-15 07:20:00', '2014-06-18 11:40:00'),
(6, 'HABY00DNK', '352261', 'LEICA GRX1200GGPRO', '8.71', '2014-06-18 11:40:00', '2015-06-22 15:40:00'),
(7, 'HABY00DNK', '352261', 'LEICA GRX1200GGPRO', '9.20', '2015-06-22 15:40:00', '2016-11-15 00:00:00'),
(8, 'HABY00DNK', '3013910', 'SEPT POLARX5', '5.0.2', '2016-11-15 00:00:00', '2017-01-04 09:10:00'),
(9, 'HABY00DNK', '3013910', 'SEPT POLARX5', '5.1.0', '2017-01-04 09:10:00', NULL),
(10, 'SUL500DNK', '5039K70894', 'TRIMBLE NETR9', '4.62', '2011-06-28 00:00:00', '2015-11-24 09:00:00'),
(11, 'SUL500DNK', '5039K70894', 'TRIMBLE NETR9', '5.10', '2015-11-24 09:00:00', '2017-06-26 09:35:00'),
(12, 'SUL500DNK', '5039K70894', 'TRIMBLE NETR9', '5.22', '2017-06-26 09:35:00', '2019-08-08 14:00:00'),
(13, 'TEJH00DNK', '495526', 'LEICA GRX1200+GNSS', '7.80', '2010-03-16 11:00:00', '2010-06-15 09:59:00'),
(14, 'TEJH00DNK', '495538', 'LEICA GRX1200+GNSS', '7.80', '2010-06-15 10:00:00', '2010-09-12 10:00:00'),
(15, 'TEJH00DNK', '352269', 'LEICA GRX1200+GNSS', '7.80', '2010-09-12 10:21:00', '2011-07-15 07:00:00'),
(16, 'TEJH00DNK', '352269', 'LEICA GRX1200+GNSS', '8.20', '2011-07-15 07:20:00', '2013-03-13 11:00:00'),
(17, 'TEJH00DNK', '352269', 'LEICA GRX1200+GNSS', '8.70', '2013-03-13 11:30:00', '2015-06-23 08:30:00'),
(18, 'TEJH00DNK', '352269', 'LEICA GRX1200+GNSS', '9.20', '2015-06-23 08:30:00', '2016-11-16 13:00:00'),
(19, 'TEJH00DNK', '1870369', 'LEICA GR50', '4.02.386', '2016-11-16 13:00:00', NULL),
(20, 'SUL500DNK', '5039K70894', 'TRIMBLE NETR9', '5.42', '2019-08-08 14:26:00', NULL),
(21, 'BUDD00DNK', '3013899', 'SEPT POLARX5', '5.1.2', '2017-10-05 12:00:00', NULL),
(22, 'TA0200DNK', '3024761', 'SEPT POLARX5S', '5.1.2', '2017-09-16 07:00:00', NULL),
(23, 'ESBC00DNK', 'IR2200348006', 'ASHTECH UZ-12', 'CN00/EC00', '2005-02-10 15:00:00', '2005-08-11 08:20:00'),
(24, 'ESBC00DNK', 'PRODUCTION05', 'ASHTECH UZ-12', 'CQ00/EC00', '2005-08-11 08:28:00', '2006-01-05 14:20:00'),
(25, 'ESBC00DNK', 'IR 2200529001', 'ASHTECH UZ-12', 'CQ00/EC00', '2006-01-05 14:25:00', '2012-10-04 12:07:00'),
(26, 'ESBC00DNK', '355516', 'LEICA GRX1200GGPRO', '8.51/3.019', '2012-10-04 12:07:00', '2014-06-18 11:58:00'),
(27, 'ESBC00DNK', '355516', 'LEICA GRX1200GGPRO', '8.71', '2014-06-18 11:58:00', '2015-06-23 12:45:00'),
(28, 'ESBC00DNK', '355516', 'LEICA GRX1200GGPRO', '9.20', '2015-06-23 12:45:00', '2019-06-19 11:00:00'),
(29, 'ESBC00DNK', '3047937', 'SEPT POLARX5', '5.2.0', '2019-06-19 11:20:00', NULL),
(30, 'ESBH00DNK', 'IR2200306013', 'ASHTECH UZ-12', 'CQ00/EC00', '2004-11-12 07:00:00', '2005-09-08 00:00:00'),
(31, 'ESBH00DNK', 'IR2200348006', 'ASHTECH UZ-12', 'CQ00/EC00', '2005-09-08 00:00:00', '2012-09-28 10:30:00'),
(32, 'ESBH00DNK', '5133K77879', 'TRIMBLE NETR9', '4.62/4.62', '2012-09-28 10:32:00', '2015-11-24 09:10:00'),
(33, 'ESBH00DNK', '5133K77879', 'TRIMBLE NETR9', '5.10', '2015-11-24 09:10:00', '2018-10-16 14:15:00'),
(34, 'ESBH00DNK', '4501846', 'SEPT POLARX5', '5.1.2', '2018-10-16 14:15:00', NULL),
(35, 'FYHA00DNK', '355522', 'LEICA GRX1200GGPRO', '7.01', '2009-03-10 00:00:00', '2009-08-18 12:00:00'),
(36, 'FYHA00DNK', '355522', 'LEICA GRX1200GGPRO', '7.50', '2009-08-18 12:00:00', '2011-07-15 07:00:00'),
(37, 'FYHA00DNK', '355522', 'LEICA GRX1200GGPRO', '8.20', '2011-07-15 07:20:00', '2013-07-19 08:10:00'),
(38, 'FYHA00DNK', '355522', 'LEICA GRX1200GGPRO', '8.71', '2013-07-19 08:10:00', '2015-06-23 11:30:00'),
(39, 'FYHA00DNK', '355522', 'LEICA GRX1200GGPRO', '9.20', '2015-06-23 11:30:00', '2019-01-16 13:30:00'),
(40, 'FYHA00DNK', '3034707', 'SEPT POLARX5', '5.2.0', '2019-01-16 15:20:00', '2019-11-12 07:30:00'),
(41, 'FYHA00DNK', '3034707', 'SEPT POLARX5', '5.3.0', '2019-11-12 07:30:00', NULL),
(42, 'FER500DNK', '355522', 'LEICA GRX1200GGPRO', '7.01', '2009-03-10 00:00:00', '2009-08-18 12:00:00'),
(43, 'FER500DNK', '355522', 'LEICA GRX1200GGPRO', '7.50', '2009-08-18 12:00:00', '2011-07-15 07:00:00'),
(44, 'FER500DNK', '355522', 'LEICA GRX1200GGPRO', '8.20', '2011-07-15 07:20:00', '2013-07-19 08:10:00'),
(45, 'FER500DNK', '355522', 'LEICA GRX1200GGPRO', '8.71', '2013-07-19 08:10:00', '2015-06-23 11:30:00'),
(46, 'FER500DNK', '355522', 'LEICA GRX1200GGPRO', '9.20', '2015-06-23 11:30:00', '2019-01-16 13:30:00'),
(47, 'FER500DNK', '3034707', 'SEPT POLARX5', '5.2.0', '2019-01-16 15:20:00', '2019-11-12 07:30:00'),
(48, 'FER500DNK', '3034707', 'SEPT POLARX5', '5.3.0', '2019-11-12 07:30:00', NULL),
(49, 'GESR00DNK', 'IR2200306020', 'ASHTECH UZ-12', 'CN00/EC00', '2004-10-27 00:00:00', '2005-06-16 10:00:00'),
(50, 'GESR00DNK', 'IR2200306020', 'ASHTECH UZ-12', 'CQ00/EC00', '2005-06-16 10:00:00', '2005-10-09 00:00:00'),
(51, 'GESR00DNK', 'IR2200306021', 'ASHTECH UZ-12', 'CQ00/EC00', '2005-10-09 00:00:00', '2011-02-23 09:59:00'),
(52, 'GESR00DNK', '495526', 'LEICA GRX1200+GNSS', '8.10', '2011-02-23 20:05:00', '2014-06-19 08:10:00'),
(53, 'GESR00DNK', '495526', 'LEICA GRX1200+GNSS', '8.71', '2014-06-19 08:10:00', '2015-06-23 12:30:00'),
(54, 'GESR00DNK', '495526', 'LEICA GRX1200+GNSS', '9.20', '2015-06-23 12:30:00', '2016-03-30 23:59:00'),
(55, 'GESR00DNK', '1830197', 'LEICA GR25', '3.11', '2016-03-31 16:00:00', '2016-04-04 16:30:00'),
(56, 'GESR00DNK', '1830197', 'LEICA GR25', '3.22/6.521', '2016-04-04 16:30:00', '2016-12-20 09:00:00'),
(57, 'GESR00DNK', '1830197', 'LEICA GR25', '4.02/6.522', '2016-12-20 09:00:00', '2019-03-14 08:45:00'),
(58, 'GESR00DNK', '1830197', 'LEICA GR25', '4.31/6.525', '2019-03-14 08:50:00', NULL),
(59, 'HIRS00DNK', 'IR2200306021', 'ASHTECH UZ-12', 'IR2200306021', '2004-11-10 13:00:00', '2005-10-04 06:12:00'),
(60, 'HIRS00DNK', 'IR2200306013', 'ASHTECH UZ-12', 'CQ00/EC00', '2005-10-04 06:12:00', '2012-09-28 10:15:00'),
(61, 'HIRS00DNK', '5133K77740', 'TRIMBLE NETR9', '4.62/4.62', '2012-09-28 10:15:00', '2015-11-24 09:10:00'),
(62, 'HIRS00DNK', '5133K77740', 'TRIMBLE NETR9', '5.10', '2015-11-24 09:10:00', '2019-08-08 13:00:00'),
(63, 'HIRS00DNK', '5133K77740', 'TRIMBLE NETR9', '5.42', '2019-08-08 13:15:00', NULL),
(64, 'SKEJ00DNK', '3025508', 'SEPT POLARX5S', '5.2.0', '2019-01-31 00:00:00', NULL),
(65, 'SMI200DNK', '5039K70984', 'TRIMBLE NETR9', '4.62', '2011-06-27 00:00:00', '2014-08-15 11:00:00'),
(66, 'SMI200DNK', '5238K52581', 'TRIMBLE NETR9', '4.85', '2014-08-18 11:01:00', '2015-11-24 09:00:00'),
(67, 'SMI200DNK', '5238K52581', 'TRIMBLE NETR9', '5.10', '2015-11-24 09:00:00', '2018-04-03 08:15:00'),
(68, 'SMI200DNK', '5238K52581', 'TRIMBLE NETR9', '5.33', '2018-04-03 08:20:00', '2019-08-08 14:00:00'),
(69, 'SMI200DNK', '5238K52581', 'TRIMBLE NETR9', '5.42', '2019-08-08 14:00:00', NULL);

--
-- Indexes for dumped tables
--

--
-- Indexes for table `antennas`
--
ALTER TABLE `antennas`
  ADD PRIMARY KEY (`id`),
  ADD KEY `antennas_site` (`site`) USING BTREE;

--
-- Indexes for table `locations`
--
ALTER TABLE `locations`
  ADD PRIMARY KEY (`site`);

--
-- Indexes for table `receivers`
--
ALTER TABLE `receivers`
  ADD PRIMARY KEY (`id`),
  ADD KEY `receivers_site` (`site`) USING BTREE;

--
-- AUTO_INCREMENT for dumped tables
--

--
-- AUTO_INCREMENT for table `antennas`
--
ALTER TABLE `antennas`
  MODIFY `id` int(11) NOT NULL AUTO_INCREMENT,AUTO_INCREMENT=26;
--
-- AUTO_INCREMENT for table `receivers`
--
ALTER TABLE `receivers`
  MODIFY `id` int(11) NOT NULL AUTO_INCREMENT,AUTO_INCREMENT=70;
/*!40101 SET CHARACTER_SET_CLIENT=@OLD_CHARACTER_SET_CLIENT */;
/*!40101 SET CHARACTER_SET_RESULTS=@OLD_CHARACTER_SET_RESULTS */;
/*!40101 SET COLLATION_CONNECTION=@OLD_COLLATION_CONNECTION */;
